column_id,feature,duckdb_type,feature_type,m0_liu_adapted,m1_snapshot,m2_dynamic,m3_dynamic_en,m2_abg_extension
1,database,VARCHAR,continuous,0,0,0,0,0
2,patient_key,VARCHAR,continuous,0,0,0,0,0
3,stay_key,VARCHAR,continuous,0,0,0,0,0
4,hospital_id,INTEGER,continuous,0,0,0,0,0
5,anchor_year_group,VARCHAR,continuous,0,0,0,0,0
6,hospitaldischargeyear,SMALLINT,continuous,0,0,0,0,0
7,landmark_h,BIGINT,continuous,0,1,1,1,1
8,age,DOUBLE,continuous,0,1,1,1,1
9,sex,VARCHAR,categorical,0,1,1,1,1
10,admission_source,VARCHAR,categorical,0,1,1,1,1
11,icu_type,VARCHAR,categorical,0,1,1,1,1
12,preicu_los_hours,DOUBLE,continuous,1,1,1,1,1
13,bmi,DOUBLE,continuous,1,1,1,1,1
14,outer_fold,BIGINT,continuous,0,0,0,0,0
15,temporal_role,VARCHAR,continuous,0,0,0,0,0
16,gcs_latest,DOUBLE,continuous,1,1,1,1,1
17,gcs_latest_offset,DOUBLE,continuous,0,0,0,0,0
18,gcs_median,DOUBLE,continuous,0,0,1,1,1
19,gcs_min,DOUBLE,continuous,0,0,1,1,1
20,gcs_max,DOUBLE,continuous,0,0,1,1,1
21,gcs_sd,DOUBLE,continuous,0,0,1,1,1
22,gcs_iqr,DOUBLE,continuous,0,0,1,1,1
23,gcs_slope,DOUBLE,continuous,0,0,1,1,1
24,gcs_abnormal_prop,DOUBLE,continuous,0,0,1,1,1
25,gcs_longest_abnormal_run,BIGINT,continuous,0,0,1,1,1
26,hr_latest,DOUBLE,continuous,0,1,1,1,1
27,hr_latest_offset,DOUBLE,continuous,0,0,0,0,0
28,hr_median,DOUBLE,continuous,0,0,1,1,1
29,hr_min,DOUBLE,continuous,0,0,1,1,1
30,hr_max,DOUBLE,continuous,0,0,1,1,1
31,hr_sd,DOUBLE,continuous,0,0,1,1,1
32,hr_iqr,DOUBLE,continuous,0,0,1,1,1
33,hr_slope,DOUBLE,continuous,0,0,1,1,1
34,hr_abnormal_prop,DOUBLE,continuous,0,0,1,1,1
35,hr_longest_abnormal_run,BIGINT,continuous,0,0,1,1,1
36,map_latest,DOUBLE,continuous,0,1,1,1,1
37,map_latest_offset,DOUBLE,continuous,0,0,0,0,0
38,map_median,DOUBLE,continuous,0,0,1,1,1
39,map_min,DOUBLE,continuous,0,0,1,1,1
40,map_max,DOUBLE,continuous,0,0,1,1,1
41,map_sd,DOUBLE,continuous,0,0,1,1,1
42,map_iqr,DOUBLE,continuous,0,0,1,1,1
43,map_slope,DOUBLE,continuous,0,0,1,1,1
44,map_abnormal_prop,DOUBLE,continuous,0,0,1,1,1
45,map_longest_abnormal_run,BIGINT,continuous,0,0,1,1,1
46,rr_latest,DOUBLE,continuous,1,1,1,1,1
47,rr_latest_offset,DOUBLE,continuous,0,0,0,0,0
48,rr_median,DOUBLE,continuous,0,0,1,1,1
49,rr_min,DOUBLE,continuous,0,0,1,1,1
50,rr_max,DOUBLE,continuous,0,0,1,1,1
51,rr_sd,DOUBLE,continuous,0,0,1,1,1
52,rr_iqr,DOUBLE,continuous,0,0,1,1,1
53,rr_slope,DOUBLE,continuous,0,0,1,1,1
54,rr_abnormal_prop,DOUBLE,continuous,0,0,1,1,1
55,rr_longest_abnormal_run,BIGINT,continuous,0,0,1,1,1
56,sbp_latest,DOUBLE,continuous,0,1,1,1,1
57,sbp_latest_offset,DOUBLE,continuous,0,0,0,0,0
58,sbp_median,DOUBLE,continuous,0,0,1,1,1
59,sbp_min,DOUBLE,continuous,0,0,1,1,1
60,sbp_max,DOUBLE,continuous,0,0,1,1,1
61,sbp_sd,DOUBLE,continuous,0,0,1,1,1
62,sbp_iqr,DOUBLE,continuous,0,0,1,1,1
63,sbp_slope,DOUBLE,continuous,0,0,1,1,1
64,sbp_abnormal_prop,DOUBLE,continuous,0,0,1,1,1
65,sbp_longest_abnormal_run,BIGINT,continuous,0,0,1,1,1
66,spo2_latest,DOUBLE,continuous,0,1,1,1,1
67,spo2_latest_offset,DOUBLE,continuous,0,0,0,0,0
68,spo2_median,DOUBLE,continuous,0,0,1,1,1
69,spo2_min,DOUBLE,continuous,0,0,1,1,1
70,spo2_max,DOUBLE,continuous,0,0,1,1,1
71,spo2_sd,DOUBLE,continuous,0,0,1,1,1
72,spo2_iqr,DOUBLE,continuous,0,0,1,1,1
73,spo2_slope,DOUBLE,continuous,0,0,1,1,1
74,spo2_abnormal_prop,DOUBLE,continuous,0,0,1,1,1
75,spo2_longest_abnormal_run,BIGINT,continuous,0,0,1,1,1
76,temperature_latest,DOUBLE,continuous,0,1,1,1,1
77,temperature_latest_offset,DOUBLE,continuous,0,0,0,0,0
78,temperature_median,DOUBLE,continuous,0,0,1,1,1
79,temperature_min,DOUBLE,continuous,0,0,1,1,1
80,temperature_max,DOUBLE,continuous,0,0,1,1,1
81,temperature_sd,DOUBLE,continuous,0,0,1,1,1
82,temperature_iqr,DOUBLE,continuous,0,0,1,1,1
83,temperature_slope,DOUBLE,continuous,0,0,1,1,1
84,temperature_abnormal_prop,DOUBLE,continuous,0,0,1,1,1
85,temperature_longest_abnormal_run,BIGINT,continuous,0,0,1,1,1
86,shock_index_latest,DOUBLE,continuous,0,1,1,1,1
87,oxygen_latest_level,INTEGER,continuous,0,1,1,1,1
88,oxygen_max_level,INTEGER,continuous,0,0,1,1,1
89,oxygen_escalation_count,DOUBLE,continuous,0,0,1,1,1
90,oxygen_documentation_count,BIGINT,continuous,0,0,0,0,0
91,oxygen_latest_offset_h,DOUBLE,continuous,0,0,0,0,0
92,oxygen_time_since_latest_h,DOUBLE,continuous,0,1,1,1,1
93,urine_6h_ml,DOUBLE,continuous,0,1,1,1,1
94,urine_12h_ml,DOUBLE,continuous,0,0,1,1,1
95,urine_6h_count,BIGINT,continuous,0,0,0,0,0
96,urine_12h_count,BIGINT,continuous,0,0,0,0,0
97,urine_latest_offset_h,DOUBLE,continuous,0,0,0,0,0
98,vaso_any_12h,INTEGER,continuous,0,0,1,1,1
99,vaso_current,INTEGER,continuous,0,1,1,1,1
100,vaso_max_agent_count,DOUBLE,continuous,0,0,1,1,1
101,vaso_latest_start_offset_h,DOUBLE,continuous,0,0,0,0,0
102,oxygen_interface_supported,INTEGER,continuous,0,0,0,0,0
103,urine_interface_supported,INTEGER,continuous,0,0,0,0,0
104,vaso_interface_supported,INTEGER,continuous,0,0,0,0,0
105,bicarbonate_latest,DOUBLE,continuous,0,1,1,1,1
106,bicarbonate_latest_offset,DOUBLE,continuous,0,0,0,0,0
107,bicarbonate_median,DOUBLE,continuous,0,0,1,1,1
108,bicarbonate_min,DOUBLE,continuous,0,0,1,1,1
109,bicarbonate_max,DOUBLE,continuous,0,0,1,1,1
110,bicarbonate_delta,DOUBLE,continuous,0,0,1,1,1
111,bicarbonate_slope,DOUBLE,continuous,0,0,1,1,1
112,bun_latest,DOUBLE,continuous,0,1,1,1,1
113,bun_latest_offset,DOUBLE,continuous,0,0,0,0,0
114,bun_median,DOUBLE,continuous,0,0,1,1,1
115,bun_min,DOUBLE,continuous,0,0,1,1,1
116,bun_max,DOUBLE,continuous,0,0,1,1,1
117,bun_delta,DOUBLE,continuous,0,0,1,1,1
118,bun_slope,DOUBLE,continuous,0,0,1,1,1
119,chloride_latest,DOUBLE,continuous,0,1,1,1,1
120,chloride_latest_offset,DOUBLE,continuous,0,0,0,0,0
121,chloride_median,DOUBLE,continuous,0,0,1,1,1
122,chloride_min,DOUBLE,continuous,0,0,1,1,1
123,chloride_max,DOUBLE,continuous,0,0,1,1,1
124,chloride_delta,DOUBLE,continuous,0,0,1,1,1
125,chloride_slope,DOUBLE,continuous,0,0,1,1,1
126,creatinine_latest,DOUBLE,continuous,0,1,1,1,1
127,creatinine_latest_offset,DOUBLE,continuous,0,0,0,0,0
128,creatinine_median,DOUBLE,continuous,0,0,1,1,1
129,creatinine_min,DOUBLE,continuous,0,0,1,1,1
130,creatinine_max,DOUBLE,continuous,0,0,1,1,1
131,creatinine_delta,DOUBLE,continuous,0,0,1,1,1
132,creatinine_slope,DOUBLE,continuous,0,0,1,1,1
133,glucose_latest,DOUBLE,continuous,0,1,1,1,1
134,glucose_latest_offset,DOUBLE,continuous,0,0,0,0,0
135,glucose_median,DOUBLE,continuous,0,0,1,1,1
136,glucose_min,DOUBLE,continuous,0,0,1,1,1
137,glucose_max,DOUBLE,continuous,0,0,1,1,1
138,glucose_delta,DOUBLE,continuous,0,0,1,1,1
139,glucose_slope,DOUBLE,continuous,0,0,1,1,1
140,hemoglobin_latest,DOUBLE,continuous,0,1,1,1,1
141,hemoglobin_latest_offset,DOUBLE,continuous,0,0,0,0,0
142,hemoglobin_median,DOUBLE,continuous,0,0,1,1,1
143,hemoglobin_min,DOUBLE,continuous,0,0,1,1,1
144,hemoglobin_max,DOUBLE,continuous,0,0,1,1,1
145,hemoglobin_delta,DOUBLE,continuous,0,0,1,1,1
146,hemoglobin_slope,DOUBLE,continuous,0,0,1,1,1
147,lactate_latest,DOUBLE,continuous,0,0,0,0,1
148,lactate_latest_offset,DOUBLE,continuous,0,0,0,0,0
149,lactate_median,DOUBLE,continuous,0,0,0,0,1
150,lactate_min,DOUBLE,continuous,0,0,0,0,1
151,lactate_max,DOUBLE,continuous,0,0,0,0,1
152,lactate_delta,DOUBLE,continuous,0,0,0,0,1
153,lactate_slope,DOUBLE,continuous,0,0,0,0,1
154,paco2_latest,DOUBLE,continuous,0,0,0,0,1
155,paco2_latest_offset,DOUBLE,continuous,0,0,0,0,0
156,paco2_median,DOUBLE,continuous,0,0,0,0,1
157,paco2_min,DOUBLE,continuous,0,0,0,0,1
158,paco2_max,DOUBLE,continuous,0,0,0,0,1
159,paco2_delta,DOUBLE,continuous,0,0,0,0,1
160,paco2_slope,DOUBLE,continuous,0,0,0,0,1
161,pao2_latest,DOUBLE,continuous,0,0,0,0,1
162,pao2_latest_offset,DOUBLE,continuous,0,0,0,0,0
163,pao2_median,DOUBLE,continuous,0,0,0,0,1
164,pao2_min,DOUBLE,continuous,0,0,0,0,1
165,pao2_max,DOUBLE,continuous,0,0,0,0,1
166,pao2_delta,DOUBLE,continuous,0,0,0,0,1
167,pao2_slope,DOUBLE,continuous,0,0,0,0,1
168,ph_latest,DOUBLE,continuous,0,0,0,0,1
169,ph_latest_offset,DOUBLE,continuous,0,0,0,0,0
170,ph_median,DOUBLE,continuous,0,0,0,0,1
171,ph_min,DOUBLE,continuous,0,0,0,0,1
172,ph_max,DOUBLE,continuous,0,0,0,0,1
173,ph_delta,DOUBLE,continuous,0,0,0,0,1
174,ph_slope,DOUBLE,continuous,0,0,0,0,1
175,platelet_latest,DOUBLE,continuous,0,1,1,1,1
176,platelet_latest_offset,DOUBLE,continuous,0,0,0,0,0
177,platelet_median,DOUBLE,continuous,0,0,1,1,1
178,platelet_min,DOUBLE,continuous,0,0,1,1,1
179,platelet_max,DOUBLE,continuous,0,0,1,1,1
180,platelet_delta,DOUBLE,continuous,0,0,1,1,1
181,platelet_slope,DOUBLE,continuous,0,0,1,1,1
182,potassium_latest,DOUBLE,continuous,0,1,1,1,1
183,potassium_latest_offset,DOUBLE,continuous,0,0,0,0,0
184,potassium_median,DOUBLE,continuous,0,0,1,1,1
185,potassium_min,DOUBLE,continuous,0,0,1,1,1
186,potassium_max,DOUBLE,continuous,0,0,1,1,1
187,potassium_delta,DOUBLE,continuous,0,0,1,1,1
188,potassium_slope,DOUBLE,continuous,0,0,1,1,1
189,sodium_latest,DOUBLE,continuous,0,1,1,1,1
190,sodium_latest_offset,DOUBLE,continuous,0,0,0,0,0
191,sodium_median,DOUBLE,continuous,0,0,1,1,1
192,sodium_min,DOUBLE,continuous,0,0,1,1,1
193,sodium_max,DOUBLE,continuous,0,0,1,1,1
194,sodium_delta,DOUBLE,continuous,0,0,1,1,1
195,sodium_slope,DOUBLE,continuous,0,0,1,1,1
196,wbc_latest,DOUBLE,continuous,0,1,1,1,1
197,wbc_latest_offset,DOUBLE,continuous,0,0,0,0,0
198,wbc_median,DOUBLE,continuous,0,0,1,1,1
199,wbc_min,DOUBLE,continuous,0,0,1,1,1
200,wbc_max,DOUBLE,continuous,0,0,1,1,1
201,wbc_delta,DOUBLE,continuous,0,0,1,1,1
202,wbc_slope,DOUBLE,continuous,0,0,1,1,1
203,pao2_liu_24h_latest,DOUBLE,continuous,1,0,0,0,0
204,pao2_liu_24h_latest_offset_h,DOUBLE,continuous,0,0,0,0,0
